{"car": {"flow": 0.302446875, "density": 0.07265625, "speed": 4.162709677419355}, "probe": {"time": 16.0, "distance": 98.00999999999999, "speed": 6.125624999999999}, "Num_visible_cells": 14, "Num_total_cells": 40}