{"car": {"flow": 0.38563703703703706, "density": 0.028888888888888888, "speed": 13.34897435897436}, "probe": {"time": 27.0, "distance": 92.14999999999999, "speed": 3.4129629629629625}}