{"car": {"flow": 0.326125, "density": 0.028333333333333332, "speed": 11.51029411764706}, "probe": {"time": 12.0, "distance": 56.92000000000001, "speed": 4.743333333333334}}