{"car": {"flow": 0.27710769230769233, "density": 0.07846153846153846, "speed": 3.531764705882354}, "probe": {"time": 13.0, "distance": 90.85000000000001, "speed": 6.988461538461539}}