{"car": {"flow": 0.27411875, "density": 0.08625, "speed": 3.1781884057971017}, "probe": {"time": 16.0, "distance": 95.17999999999999, "speed": 5.9487499999999995}}