{"car": {"flow": 0.3439428571428571, "density": 0.04285714285714286, "speed": 8.025333333333332}, "probe": {"time": 7.0, "distance": 91.11, "speed": 13.015714285714285}}