{"car": {"flow": 0.33880178571428565, "density": 0.08160714285714285, "speed": 4.151619256017505}, "probe": {"time": 14.0, "distance": 106.62, "speed": 7.615714285714286}, "Num_visible_cells": 10, "Num_total_cells": 35}