{"car": {"flow": 0.20400416666666668, "density": 0.0275, "speed": 7.418333333333334}, "probe": {"time": 24.0, "distance": 98.02, "speed": 4.0841666666666665}}