{"car": {"flow": 0.26363749999999997, "density": 0.08125, "speed": 3.2447692307692306}, "probe": {"time": 16.0, "distance": 98.25, "speed": 6.140625}}