{"car": {"flow": 0.12884615384615383, "density": 0.015384615384615385, "speed": 8.375}, "probe": {"time": 26.0, "distance": 85.89999999999999, "speed": 3.3038461538461537}}