{"car": {"flow": 0.27876171875, "density": 0.06390625, "speed": 4.362041564792175}, "probe": {"time": 16.0, "distance": 103.13, "speed": 6.445625}}