{"car": {"flow": 0.3067789062500001, "density": 0.0875, "speed": 3.5060446428571437}, "probe": {"time": 16.0, "distance": 102.67, "speed": 6.416875}, "Num_visible_cells": 12, "Num_total_cells": 40}