{"car": {"flow": 0.511696551724138, "density": 0.34448275862068967, "speed": 1.4854054054054056}, "probe": {"time": 29.0, "distance": 81.87, "speed": 2.8231034482758623}}