{"car": {"flow": 0.32038, "density": 0.07875, "speed": 4.06831746031746}, "probe": {"time": 10.0, "distance": 89.08000000000001, "speed": 8.908000000000001}, "Num_visible_cells": 9, "Num_total_cells": 25}