{"car": {"flow": 0.33981333333333336, "density": 0.07533333333333334, "speed": 4.510796460176992}, "probe": {"time": 15.0, "distance": 62.440000000000005, "speed": 4.162666666666667}, "Num_visible_cells": 11, "Num_total_cells": 40}