{"car": {"flow": 0.27037500000000003, "density": 0.08875, "speed": 3.0464788732394372}, "probe": {"time": 16.0, "distance": 92.78999999999999, "speed": 5.7993749999999995}}