{"car": {"flow": 0.30359218749999994, "density": 0.05125, "speed": 5.923749999999999}, "probe": {"time": 16.0, "distance": 99.34, "speed": 6.20875}}