{"car": {"flow": 0.37609250000000005, "density": 0.0525, "speed": 7.163666666666667}, "probe": {"time": 10.0, "distance": 96.12, "speed": 9.612}, "Num_visible_cells": 9, "Num_total_cells": 25}