{"car": {"flow": 0.22070220588235293, "density": 0.04051470588235294, "speed": 5.447459165154265}, "probe": {"time": 34.0, "distance": 102.99000000000001, "speed": 3.0291176470588237}}