{"car": {"flow": 0.45534285714285716, "density": 0.025714285714285714, "speed": 17.70777777777778}, "probe": {"time": 7.0, "distance": 84.43, "speed": 12.061428571428573}}