{"car": {"flow": 0.45897142857142853, "density": 0.02857142857142857, "speed": 16.064}, "probe": {"time": 7.0, "distance": 81.76, "speed": 11.680000000000001}}