{"car": {"flow": 0.2194888888888889, "density": 0.035925925925925924, "speed": 6.1094845360824745}, "probe": {"time": 27.0, "distance": 91.35000000000001, "speed": 3.3833333333333337}}