{"car": {"flow": 0.26638571428571434, "density": 0.015714285714285715, "speed": 16.951818181818183}, "probe": {"time": 7.0, "distance": 85.53, "speed": 12.218571428571428}}