{"car": {"flow": 0.1973421875, "density": 0.1003125, "speed": 1.9672741433021808}, "probe": {"time": 16.0, "distance": 99.5, "speed": 6.21875}}