{"car": {"flow": 0.29248906249999995, "density": 0.08046875, "speed": 3.634815533980582}, "probe": {"time": 16.0, "distance": 92.71, "speed": 5.794375}, "Num_visible_cells": 15, "Num_total_cells": 40}