{"car": {"flow": 0.274325, "density": 0.083125, "speed": 3.3001503759398494}, "probe": {"time": 16.0, "distance": 94.41999999999999, "speed": 5.901249999999999}}