{"car": {"flow": 0.41891875, "density": 0.04125, "speed": 10.155606060606061}, "probe": {"time": 16.0, "distance": 96.09, "speed": 6.005625}}