{"car": {"flow": 0.32992708333333337, "density": 0.07854166666666666, "speed": 4.200663129973475}, "probe": {"time": 12.0, "distance": 87.53999999999999, "speed": 7.294999999999999}, "Num_visible_cells": 10, "Num_total_cells": 30}