{"car": {"flow": 0.23090294117647062, "density": 0.04058823529411765, "speed": 5.688913043478261}, "probe": {"time": 34.0, "distance": 98.17, "speed": 2.8873529411764705}}