{"car": {"flow": 0.22465, "density": 0.03892857142857143, "speed": 5.770825688073394}, "probe": {"time": 28.0, "distance": 87.62, "speed": 3.1292857142857144}}