{"car": {"flow": 0.390374193548387, "density": 0.03, "speed": 13.012473118279566}, "probe": {"time": 31.0, "distance": 95.55, "speed": 3.082258064516129}}