{"car": {"flow": 0.2710235294117647, "density": 0.07705882352941176, "speed": 3.5170992366412213}, "probe": {"time": 17.0, "distance": 93.32, "speed": 5.489411764705882}}