{"car": {"flow": 0.2672266666666666, "density": 0.08666666666666667, "speed": 3.083384615384615}, "probe": {"time": 15.0, "distance": 89.62, "speed": 5.974666666666667}}