{"car": {"flow": 0.2170689655172414, "density": 0.03310344827586207, "speed": 6.557291666666667}, "probe": {"time": 29.0, "distance": 97.72999999999999, "speed": 3.3699999999999997}}