{"car": {"flow": 0.2701285714285714, "density": 0.030714285714285715, "speed": 8.794883720930232}, "probe": {"time": 14.0, "distance": 105.36, "speed": 7.525714285714286}}