{"car": {"flow": 0.22704749999999999, "density": 0.042166666666666665, "speed": 5.384525691699604}, "probe": {"time": 30.0, "distance": 87.4, "speed": 2.9133333333333336}, "Num_visible_cells": 34, "Num_total_cells": 75}