{"car": {"flow": 0.3367875, "density": 0.02, "speed": 16.839375}, "probe": {"time": 8.0, "distance": 88.91000000000001, "speed": 11.113750000000001}}