{"car": {"flow": 0.3478333333333333, "density": 0.04777777777777778, "speed": 7.280232558139535}, "probe": {"time": 9.0, "distance": 95.78, "speed": 10.642222222222223}}