{"car": {"flow": 0.24257999999999996, "density": 0.08666666666666667, "speed": 2.7989999999999995}, "probe": {"time": 15.0, "distance": 94.11, "speed": 6.274}}