{"car": {"flow": 0.27615333333333336, "density": 0.08333333333333333, "speed": 3.313840000000001}, "probe": {"time": 15.0, "distance": 97.97, "speed": 6.531333333333333}}