{"car": {"flow": 0.30422968749999996, "density": 0.0803125, "speed": 3.788073929961089}, "probe": {"time": 16.0, "distance": 103.78, "speed": 6.48625}}