{"car": {"flow": 0.2361875, "density": 0.043076923076923075, "speed": 5.482924107142857}, "probe": {"time": 26.0, "distance": 93.67, "speed": 3.602692307692308}}