{"car": {"flow": 0.43019999999999997, "density": 0.027142857142857142, "speed": 15.849473684210526}, "probe": {"time": 7.0, "distance": 87.3, "speed": 12.471428571428572}}