{"car": {"flow": 0.2922125, "density": 0.01875, "speed": 15.584666666666667}, "probe": {"time": 8.0, "distance": 90.73, "speed": 11.34125}}