{"car": {"flow": 0.08787200000000002, "density": 0.008, "speed": 10.984000000000002}, "probe": {"time": 25.0, "distance": 90.42999999999999, "speed": 3.6171999999999995}}