{"car": {"flow": 0.023544444444444444, "density": 0.0033333333333333335, "speed": 7.0633333333333335}, "probe": {"time": 9.0, "distance": 92.44999999999999, "speed": 10.27222222222222}}