{"car": {"flow": 0.355635, "density": 0.0665, "speed": 5.347894736842105}, "probe": {"time": 10.0, "distance": 95.44, "speed": 9.544}, "Num_visible_cells": 8, "Num_total_cells": 25}