{"car": {"flow": 0.1190075, "density": 0.01325, "speed": 8.981698113207548}, "probe": {"time": 10.0, "distance": 97.61, "speed": 9.761}, "Num_visible_cells": 9, "Num_total_cells": 25}