{"car": {"flow": 0.2652125000000001, "density": 0.088125, "speed": 3.0095035460992916}, "probe": {"time": 16.0, "distance": 92.94000000000001, "speed": 5.808750000000001}}