{"car": {"flow": 0.3224525, "density": 0.08475, "speed": 3.804749262536873}, "probe": {"time": 10.0, "distance": 95.71, "speed": 9.571}}