{"car": {"flow": 0.2757124999999999, "density": 0.08475, "speed": 3.2532448377581114}, "probe": {"time": 10.0, "distance": 94.58, "speed": 9.458}, "Num_visible_cells": 8, "Num_total_cells": 25}