{"car": {"flow": 0.3950323529411765, "density": 0.04360294117647059, "speed": 9.059763912310288}, "probe": {"time": 34.0, "distance": 93.35000000000001, "speed": 2.745588235294118}, "Num_visible_cells": 20, "Num_total_cells": 85}