{"car": {"flow": 0.3320666666666666, "density": 0.02666666666666667, "speed": 12.452499999999999}, "probe": {"time": 27.0, "distance": 91.7, "speed": 3.3962962962962964}}