{"car": {"flow": 0.48109999999999997, "density": 0.03, "speed": 16.036666666666665}, "probe": {"time": 4.0, "distance": 79.33, "speed": 19.8325}}