{"car": {"flow": 0.24054101562499997, "density": 0.0415625, "speed": 5.787453007518796}, "probe": {"time": 32.0, "distance": 98.36, "speed": 3.07375}}