{"car": {"flow": 0.08320000000000002, "density": 0.22666666666666666, "speed": 0.3670588235294119}, "probe": {"time": 9.0, "distance": 89.48, "speed": 9.942222222222222}}