{"car": {"flow": 0.24582666666666667, "density": 0.08066666666666666, "speed": 3.047438016528926}, "probe": {"time": 15.0, "distance": 89.28, "speed": 5.952}}