{"car": {"flow": 0.11017500000000004, "density": 0.245, "speed": 0.4496938775510205}, "probe": {"time": 12.0, "distance": 91.32000000000001, "speed": 7.61}}