{"car": {"flow": 0.25135, "density": 0.015, "speed": 16.756666666666668}, "probe": {"time": 4.0, "distance": 79.48, "speed": 19.87}}