{"car": {"flow": 0.3144571428571428, "density": 0.02, "speed": 15.72285714285714}, "probe": {"time": 7.0, "distance": 84.1, "speed": 12.014285714285714}}