{"car": {"flow": 0.1748846153846154, "density": 0.27615384615384614, "speed": 0.6332869080779944}, "probe": {"time": 13.0, "distance": 91.97, "speed": 7.0746153846153845}}