{"car": {"flow": 0.30751875, "density": 0.0796875, "speed": 3.8590588235294114}, "probe": {"time": 16.0, "distance": 101.99, "speed": 6.374375}}