{"car": {"flow": 0.29072031249999997, "density": 0.04546875, "speed": 6.393848797250858}, "probe": {"time": 16.0, "distance": 98.72999999999999, "speed": 6.170624999999999}}