{"car": {"flow": 0.3425, "density": 0.055, "speed": 6.2272727272727275}, "probe": {"time": 8.0, "distance": 92.45, "speed": 11.55625}}