{"car": {"flow": 0.058043750000000005, "density": 0.0065625, "speed": 8.844761904761905}, "probe": {"time": 16.0, "distance": 102.18, "speed": 6.38625}}