{"car": {"flow": 0.044026086956521736, "density": 0.00391304347826087, "speed": 11.25111111111111}, "probe": {"time": 23.0, "distance": 95.69, "speed": 4.160434782608696}}