{"car": {"flow": 0.4130625, "density": 0.0475, "speed": 8.696052631578947}, "probe": {"time": 8.0, "distance": 94.3, "speed": 11.7875}}