{"car": {"flow": 0.1970551724137931, "density": 0.031724137931034485, "speed": 6.211521739130435}, "probe": {"time": 29.0, "distance": 97.66999999999999, "speed": 3.367931034482758}}