{"car": {"flow": 0.16496750000000002, "density": 0.0195, "speed": 8.459871794871797}, "probe": {"time": 10.0, "distance": 98.77000000000001, "speed": 9.877}, "Num_visible_cells": 7, "Num_total_cells": 25}