{"car": {"flow": 0.3292250000000001, "density": 0.0755, "speed": 4.360596026490067}, "probe": {"time": 10.0, "distance": 96.82000000000001, "speed": 9.682}, "Num_visible_cells": 9, "Num_total_cells": 25}