{"car": {"flow": 0.5212611111111112, "density": 0.08944444444444444, "speed": 5.827763975155281}, "probe": {"time": 18.0, "distance": 98.5, "speed": 5.472222222222222}}