{"car": {"flow": 0.321796875, "density": 0.08296875, "speed": 3.878531073446328}, "probe": {"time": 16.0, "distance": 99.26, "speed": 6.20375}, "Num_visible_cells": 14, "Num_total_cells": 40}