{"car": {"flow": 0.3305475, "density": 0.038, "speed": 8.698618421052632}, "probe": {"time": 10.0, "distance": 91.95, "speed": 9.195}, "Num_visible_cells": 7, "Num_total_cells": 25}