{"car": {"flow": 0.2772866666666667, "density": 0.082, "speed": 3.3815447154471547}, "probe": {"time": 15.0, "distance": 93.66, "speed": 6.244}}