{"car": {"flow": 0.21314827586206897, "density": 0.03413793103448276, "speed": 6.243737373737374}, "probe": {"time": 29.0, "distance": 94.94000000000001, "speed": 3.273793103448276}}