{"car": {"flow": 0.9513499999999999, "density": 0.08875, "speed": 10.719436619718309}, "probe": {"time": 8.0, "distance": 87.1, "speed": 10.8875}}