{"car": {"flow": 0.41614843749999997, "density": 0.048359375, "speed": 8.605331179321485}, "probe": {"time": 32.0, "distance": 94.24, "speed": 2.945}, "Num_visible_cells": 37, "Num_total_cells": 80}