{"car": {"flow": 0.21151999999999999, "density": 0.022, "speed": 9.614545454545453}, "probe": {"time": 5.0, "distance": 91.25999999999999, "speed": 18.252}}