{"car": {"flow": 0.31163749999999996, "density": 0.02125, "speed": 14.665294117647058}, "probe": {"time": 8.0, "distance": 85.78999999999999, "speed": 10.723749999999999}}