{"car": {"flow": 0.23725083333333338, "density": 0.04766666666666667, "speed": 4.977290209790211}, "probe": {"time": 30.0, "distance": 103.14, "speed": 3.438}, "Num_visible_cells": 26, "Num_total_cells": 75}