{"car": {"flow": 0.2203675, "density": 0.10525, "speed": 2.09375296912114}, "probe": {"time": 30.0, "distance": 96.41, "speed": 3.2136666666666667}}