{"car": {"flow": 0.3917580882352941, "density": 0.04301470588235294, "speed": 9.10753846153846}, "probe": {"time": 34.0, "distance": 95.69, "speed": 2.8144117647058824}}