{"car": {"flow": 0.4211173913043477, "density": 0.03217391304347826, "speed": 13.088783783783782}, "probe": {"time": 23.0, "distance": 96.97, "speed": 4.216086956521739}}