{"car": {"flow": 0.20251200000000003, "density": 0.1308, "speed": 1.548256880733945}, "probe": {"time": 25.0, "distance": 77.60000000000001, "speed": 3.1040000000000005}}