{"car": {"flow": 0.375625, "density": 0.02125, "speed": 17.676470588235293}, "probe": {"time": 8.0, "distance": 87.44, "speed": 10.93}}