{"car": {"flow": 0.200855, "density": 0.02375, "speed": 8.457052631578948}, "probe": {"time": 10.0, "distance": 97.86, "speed": 9.786}, "Num_visible_cells": 9, "Num_total_cells": 25}