{"car": {"flow": 0.22903750000000003, "density": 0.060625, "speed": 3.777938144329897}, "probe": {"time": 16.0, "distance": 95.89, "speed": 5.993125}}