{"car": {"flow": 0.282825, "density": 0.089, "speed": 3.1778089887640446}, "probe": {"time": 10.0, "distance": 93.03, "speed": 9.303}, "Num_visible_cells": 7, "Num_total_cells": 25}