{"car": {"flow": 0.03357, "density": 0.00375, "speed": 8.952}, "probe": {"time": 10.0, "distance": 97.49, "speed": 9.748999999999999}}