{"car": {"flow": 0.37534, "density": 0.024, "speed": 15.639166666666668}, "probe": {"time": 5.0, "distance": 85.94, "speed": 17.188}}