{"car": {"flow": 0.18685384615384612, "density": 0.02576923076923077, "speed": 7.251044776119402}, "probe": {"time": 26.0, "distance": 92.47, "speed": 3.5565384615384614}}