{"car": {"flow": 0.2924733333333333, "density": 0.08366666666666667, "speed": 3.4956972111553783}, "probe": {"time": 30.0, "distance": 95.36999999999999, "speed": 3.179}}