{"car": {"flow": 0.30470156249999997, "density": 0.0853125, "speed": 3.5715934065934065}, "probe": {"time": 16.0, "distance": 107.03, "speed": 6.689375}, "Num_visible_cells": 11, "Num_total_cells": 40}