{"car": {"flow": 0.292815, "density": 0.03275, "speed": 8.940916030534352}, "probe": {"time": 10.0, "distance": 97.64, "speed": 9.764}}