{"car": {"flow": 0.2731375, "density": 0.078125, "speed": 3.4961599999999997}, "probe": {"time": 16.0, "distance": 98.71000000000001, "speed": 6.1693750000000005}}