{"car": {"flow": 0.2336208333333333, "density": 0.089, "speed": 2.6249531835205993}, "probe": {"time": 30.0, "distance": 90.94999999999999, "speed": 3.0316666666666663}, "Num_visible_cells": 34, "Num_total_cells": 75}