{"car": {"flow": 0.9057437499999997, "density": 0.126875, "speed": 7.138866995073889}, "probe": {"time": 16.0, "distance": 96.89999999999999, "speed": 6.0562499999999995}}