{"car": {"flow": 0.30976250000000005, "density": 0.08166666666666667, "speed": 3.793010204081633}, "probe": {"time": 12.0, "distance": 87.64, "speed": 7.303333333333334}, "Num_visible_cells": 9, "Num_total_cells": 30}