{"car": {"flow": 0.37527777777777777, "density": 0.021111111111111112, "speed": 17.776315789473685}, "probe": {"time": 9.0, "distance": 95.25999999999999, "speed": 10.584444444444443}}