{"car": {"flow": 0.3645770833333333, "density": 0.06875, "speed": 5.302939393939393}, "probe": {"time": 12.0, "distance": 100.64, "speed": 8.386666666666667}, "Num_visible_cells": 8, "Num_total_cells": 30}