{"car": {"flow": 0.3144666666666666, "density": 0.02, "speed": 15.723333333333331}, "probe": {"time": 12.0, "distance": 93.64, "speed": 7.803333333333334}}