{"car": {"flow": 0.29627499999999996, "density": 0.08, "speed": 3.7034374999999997}, "probe": {"time": 16.0, "distance": 90.66000000000001, "speed": 5.666250000000001}}