{"car": {"flow": 0.32580178571428575, "density": 0.08160714285714285, "speed": 3.992319474835887}, "probe": {"time": 14.0, "distance": 104.97999999999999, "speed": 7.498571428571428}}