{"car": {"flow": 0.3628925925925926, "density": 0.02851851851851852, "speed": 12.724805194805194}, "probe": {"time": 27.0, "distance": 97.02, "speed": 3.5933333333333333}}