{"car": {"flow": 0.41736484375000005, "density": 0.04859375, "speed": 8.588858520900322}, "probe": {"time": 32.0, "distance": 97.92, "speed": 3.06}, "Num_visible_cells": 9, "Num_total_cells": 80}