{"car": {"flow": 0.09401111111111113, "density": 0.36444444444444446, "speed": 0.25795731707317077}, "probe": {"time": 9.0, "distance": 93.27, "speed": 10.363333333333333}}