{"car": {"flow": 0.3118975, "density": 0.0745, "speed": 4.186543624161073}, "probe": {"time": 10.0, "distance": 93.5, "speed": 9.35}}