{"car": {"flow": 0.2921925, "density": 0.08375, "speed": 3.488865671641791}, "probe": {"time": 10.0, "distance": 95.86, "speed": 9.586}}