{"car": {"flow": 0.3068828125, "density": 0.08640625, "speed": 3.5516274864376127}, "probe": {"time": 16.0, "distance": 93.13, "speed": 5.820625}, "Num_visible_cells": 15, "Num_total_cells": 40}