{"car": {"flow": 0.3690625, "density": 0.02375, "speed": 15.539473684210526}, "probe": {"time": 8.0, "distance": 90.0, "speed": 11.25}}