{"car": {"flow": 0.159025, "density": 0.01725, "speed": 9.218840579710145}, "probe": {"time": 10.0, "distance": 93.98, "speed": 9.398}}