{"car": {"flow": 0.148675, "density": 0.0165, "speed": 9.010606060606062}, "probe": {"time": 10.0, "distance": 97.72000000000001, "speed": 9.772000000000002}}