{"car": {"flow": 0.28194666666666673, "density": 0.082, "speed": 3.438373983739838}, "probe": {"time": 15.0, "distance": 89.19000000000001, "speed": 5.946000000000001}}