{"car": {"flow": 0.30861, "density": 0.08175, "speed": 3.7750458715596333}, "probe": {"time": 10.0, "distance": 93.25, "speed": 9.325}}