{"car": {"flow": 0.029618750000000006, "density": 0.14921875, "speed": 0.19849214659685868}, "probe": {"time": 16.0, "distance": 103.73, "speed": 6.483125}}