{"car": {"flow": 0.4146483333333333, "density": 0.04841666666666666, "speed": 8.564165232358002}, "probe": {"time": 30.0, "distance": 87.91999999999999, "speed": 2.9306666666666663}}