{"car": {"flow": 0.28326339285714286, "density": 0.0925, "speed": 3.0623069498069495}, "probe": {"time": 28.0, "distance": 88.36, "speed": 3.1557142857142857}}