{"car": {"flow": 0.6275166666666667, "density": 0.06, "speed": 10.458611111111113}, "probe": {"time": 18.0, "distance": 98.08, "speed": 5.448888888888889}}