{"car": {"flow": 0.3239125, "density": 0.08125, "speed": 3.986615384615385}, "probe": {"time": 14.0, "distance": 101.87, "speed": 7.276428571428572}}