{"car": {"flow": 0.28170769230769227, "density": 0.07076923076923076, "speed": 3.980652173913043}, "probe": {"time": 13.0, "distance": 93.19, "speed": 7.168461538461538}}