{"car": {"flow": 0.26847397260273975, "density": 0.1806849315068493, "speed": 1.4858680818802124}, "probe": {"time": 73.0, "distance": 96.80000000000001, "speed": 1.326027397260274}}