{"car": {"flow": 0.24735, "density": 0.08625, "speed": 2.8678260869565215}, "probe": {"time": 16.0, "distance": 94.83, "speed": 5.926875}}