{"car": {"flow": 0.28369999999999995, "density": 0.07846153846153846, "speed": 3.6157843137254897}, "probe": {"time": 13.0, "distance": 94.53, "speed": 7.271538461538461}}