{"car": {"flow": 0.32088571428571433, "density": 0.0825, "speed": 3.8895238095238103}, "probe": {"time": 14.0, "distance": 98.46000000000001, "speed": 7.032857142857144}, "Num_visible_cells": 13, "Num_total_cells": 35}