{"car": {"flow": 0.34806875000000004, "density": 0.028125, "speed": 12.37577777777778}, "probe": {"time": 16.0, "distance": 99.33, "speed": 6.208125}}