{"car": {"flow": 0.23278750000000004, "density": 0.0375, "speed": 6.207666666666667}, "probe": {"time": 30.0, "distance": 97.27, "speed": 3.2423333333333333}}