{"car": {"flow": 0.34895416666666673, "density": 0.07958333333333334, "speed": 4.38476439790576}, "probe": {"time": 12.0, "distance": 89.92, "speed": 7.493333333333333}}