{"car": {"flow": 0.15177999999999997, "density": 0.01625, "speed": 9.340307692307691}, "probe": {"time": 10.0, "distance": 95.23, "speed": 9.523}}