{"car": {"flow": 0.31932265625000006, "density": 0.08453125, "speed": 3.7775693160813315}, "probe": {"time": 16.0, "distance": 104.79, "speed": 6.549375}}