{"car": {"flow": 0.2852307692307693, "density": 0.08, "speed": 3.565384615384616}, "probe": {"time": 13.0, "distance": 97.67999999999999, "speed": 7.513846153846154}}