{"car": {"flow": 0.517818181818182, "density": 0.29515151515151516, "speed": 1.754414784394251}, "probe": {"time": 33.0, "distance": 85.44, "speed": 2.589090909090909}}