{"car": {"flow": 0.1958808333333333, "density": 0.02375, "speed": 8.247614035087718}, "probe": {"time": 30.0, "distance": 98.14, "speed": 3.271333333333333}, "Num_visible_cells": 8, "Num_total_cells": 75}