{"car": {"flow": 0.3608124999999999, "density": 0.0655, "speed": 5.508587786259541}, "probe": {"time": 10.0, "distance": 94.94, "speed": 9.494}}