{"car": {"flow": 0.18995185185185184, "density": 0.03148148148148148, "speed": 6.033764705882353}, "probe": {"time": 27.0, "distance": 88.47, "speed": 3.276666666666667}}