{"car": {"flow": 0.42177890625000003, "density": 0.04859375, "speed": 8.679694533762058}, "probe": {"time": 32.0, "distance": 100.77, "speed": 3.1490625}, "Num_visible_cells": 29, "Num_total_cells": 80}