{"car": {"flow": 0.33304444444444437, "density": 0.01888888888888889, "speed": 17.63176470588235}, "probe": {"time": 9.0, "distance": 92.56, "speed": 10.284444444444444}}