{"car": {"flow": 0.39699843749999997, "density": 0.05921875, "speed": 6.703931398416886}, "probe": {"time": 16.0, "distance": 99.99, "speed": 6.249375}, "Num_visible_cells": 14, "Num_total_cells": 40}