{"car": {"flow": 0.1767153846153846, "density": 0.023076923076923078, "speed": 7.657666666666667}, "probe": {"time": 26.0, "distance": 92.58, "speed": 3.560769230769231}}