{"car": {"flow": 0.25799375, "density": 0.083125, "speed": 3.103684210526316}, "probe": {"time": 16.0, "distance": 97.3, "speed": 6.08125}}