{"car": {"flow": 0.2124595588235294, "density": 0.10330882352941176, "speed": 2.0565480427046263}, "probe": {"time": 34.0, "distance": 102.92, "speed": 3.027058823529412}, "Num_visible_cells": 31, "Num_total_cells": 85}