{"car": {"flow": 0.31579999999999997, "density": 0.08053571428571428, "speed": 3.921241685144124}, "probe": {"time": 14.0, "distance": 100.97, "speed": 7.212142857142857}, "Num_visible_cells": 12, "Num_total_cells": 35}