{"car": {"flow": 0.13610000000000003, "density": 0.43642857142857144, "speed": 0.31184942716857617}, "probe": {"time": 14.0, "distance": 87.0, "speed": 6.214285714285714}}