{"car": {"flow": 0.0801525, "density": 0.0095, "speed": 8.437105263157894}, "probe": {"time": 30.0, "distance": 95.58, "speed": 3.186}}