{"car": {"flow": 0.6894823529411764, "density": 0.2088235294117647, "speed": 3.301746478873239}, "probe": {"time": 17.0, "distance": 98.02, "speed": 5.765882352941176}}