{"car": {"flow": 0.8140000000000001, "density": 0.179375, "speed": 4.537979094076656}, "probe": {"time": 16.0, "distance": 97.82, "speed": 6.11375}}