{"car": {"flow": 0.20880000000000004, "density": 0.05, "speed": 4.176000000000001}, "probe": {"time": 15.0, "distance": 90.82, "speed": 6.054666666666666}}