{"car": {"flow": 0.21494705882352944, "density": 0.34941176470588237, "speed": 0.6151683501683503}, "probe": {"time": 17.0, "distance": 84.07, "speed": 4.945294117647059}}