{"car": {"flow": 0.2655133333333333, "density": 0.08266666666666667, "speed": 3.2118548387096775}, "probe": {"time": 15.0, "distance": 91.66, "speed": 6.110666666666666}}