{"car": {"flow": 0.17725916666666663, "density": 0.02275, "speed": 7.79161172161172}, "probe": {"time": 30.0, "distance": 102.73, "speed": 3.4243333333333337}, "Num_visible_cells": 15, "Num_total_cells": 75}