{"car": {"flow": 0.03566, "density": 0.304, "speed": 0.11730263157894735}, "probe": {"time": 10.0, "distance": 91.14, "speed": 9.114}}