{"car": {"flow": 0.2925703125, "density": 0.04171875, "speed": 7.012921348314607}, "probe": {"time": 16.0, "distance": 96.61000000000001, "speed": 6.038125000000001}, "Num_visible_cells": 14, "Num_total_cells": 40}