{"car": {"flow": 0.290821875, "density": 0.08703125, "speed": 3.341579892280072}, "probe": {"time": 16.0, "distance": 94.38, "speed": 5.89875}}