{"car": {"flow": 0.21503916666666664, "density": 0.034, "speed": 6.324681372549019}, "probe": {"time": 30.0, "distance": 94.36, "speed": 3.1453333333333333}, "Num_visible_cells": 8, "Num_total_cells": 75}