{"car": {"flow": 0.4063571428571429, "density": 0.04285714285714286, "speed": 9.481666666666667}, "probe": {"time": 7.0, "distance": 85.55, "speed": 12.221428571428572}}