{"car": {"flow": 0.14455000000000004, "density": 0.225, "speed": 0.6424444444444446}, "probe": {"time": 14.0, "distance": 89.02999999999999, "speed": 6.359285714285713}}