{"car": {"flow": 0.33444137931034484, "density": 0.022068965517241378, "speed": 15.154375}, "probe": {"time": 29.0, "distance": 96.24, "speed": 3.318620689655172}}