{"car": {"flow": 0.23928750000000001, "density": 0.080625, "speed": 2.967906976744186}, "probe": {"time": 16.0, "distance": 93.8, "speed": 5.8625}}