{"car": {"flow": 0.19470234374999998, "density": 0.025703125, "speed": 7.575045592705166}, "probe": {"time": 32.0, "distance": 101.19999999999999, "speed": 3.1624999999999996}, "Num_visible_cells": 16, "Num_total_cells": 80}