{"car": {"flow": 0.31608125, "density": 0.08145833333333333, "speed": 3.8802813299232732}, "probe": {"time": 12.0, "distance": 87.94, "speed": 7.328333333333333}}