{"car": {"flow": 0.4305742647058824, "density": 0.049558823529411766, "speed": 8.688145400593472}, "probe": {"time": 34.0, "distance": 101.56, "speed": 2.987058823529412}}