{"car": {"flow": 0.3124734375, "density": 0.08484375, "speed": 3.6829281767955804}, "probe": {"time": 16.0, "distance": 99.89999999999999, "speed": 6.2437499999999995}, "Num_visible_cells": 14, "Num_total_cells": 40}