{"car": {"flow": 0.21592767857142856, "density": 0.104375, "speed": 2.0687681779298543}, "probe": {"time": 28.0, "distance": 98.33999999999999, "speed": 3.5121428571428566}}