{"car": {"flow": 0.3632625, "density": 0.0695, "speed": 5.226798561151079}, "probe": {"time": 10.0, "distance": 97.11, "speed": 9.711}}