{"car": {"flow": 0.4188984375000001, "density": 0.049765625, "speed": 8.417425431711148}, "probe": {"time": 32.0, "distance": 98.99, "speed": 3.0934375}, "Num_visible_cells": 26, "Num_total_cells": 80}