{"car": {"flow": 0.09098, "density": 0.01025, "speed": 8.87609756097561}, "probe": {"time": 10.0, "distance": 97.30999999999999, "speed": 9.730999999999998}}