{"car": {"flow": 0.3542375, "density": 0.05, "speed": 7.08475}, "probe": {"time": 8.0, "distance": 84.55000000000001, "speed": 10.568750000000001}}