{"car": {"flow": 0.32891999999999993, "density": 0.038, "speed": 8.655789473684209}, "probe": {"time": 10.0, "distance": 95.66, "speed": 9.565999999999999}, "Num_visible_cells": 7, "Num_total_cells": 25}