{"car": {"flow": 0.43599732142857145, "density": 0.05008928571428571, "speed": 8.704402852049911}, "probe": {"time": 28.0, "distance": 102.58, "speed": 3.6635714285714287}, "Num_visible_cells": 23, "Num_total_cells": 70}