{"car": {"flow": 0.3646965517241379, "density": 0.032758620689655175, "speed": 11.132842105263157}, "probe": {"time": 29.0, "distance": 97.98, "speed": 3.3786206896551727}}