{"car": {"flow": 0.11630750000000001, "density": 0.013916666666666667, "speed": 8.3574251497006}, "probe": {"time": 30.0, "distance": 97.27, "speed": 3.2423333333333333}}