{"car": {"flow": 0.4143925000000001, "density": 0.048, "speed": 8.633177083333335}, "probe": {"time": 10.0, "distance": 98.28999999999999, "speed": 9.828999999999999}, "Num_visible_cells": 9, "Num_total_cells": 25}