{"car": {"flow": 0.22861176470588238, "density": 0.04433823529411765, "speed": 5.156086235489221}, "probe": {"time": 34.0, "distance": 103.06, "speed": 3.0311764705882354}, "Num_visible_cells": 37, "Num_total_cells": 85}