{"car": {"flow": 0.2493666666666667, "density": 0.08733333333333333, "speed": 2.855343511450382}, "probe": {"time": 15.0, "distance": 92.14, "speed": 6.142666666666667}}