{"car": {"flow": 0.55363125, "density": 0.08, "speed": 6.9203906250000005}, "probe": {"time": 16.0, "distance": 96.4, "speed": 6.025}}