{"car": {"flow": 0.04630000000000002, "density": 0.2909090909090909, "speed": 0.15915625000000005}, "probe": {"time": 11.0, "distance": 91.55, "speed": 8.322727272727272}}