{"car": {"flow": 0.7381647058823531, "density": 0.20941176470588235, "speed": 3.524943820224719}, "probe": {"time": 17.0, "distance": 98.33, "speed": 5.784117647058824}}