{"car": {"flow": 0.30308593749999996, "density": 0.08078125, "speed": 3.7519342359767887}, "probe": {"time": 16.0, "distance": 93.69999999999999, "speed": 5.856249999999999}, "Num_visible_cells": 15, "Num_total_cells": 40}