{"car": {"flow": 0.30934531249999997, "density": 0.07734375, "speed": 3.9996161616161614}, "probe": {"time": 16.0, "distance": 91.56, "speed": 5.7225}}