{"car": {"flow": 0.395996875, "density": 0.0475, "speed": 8.336776315789473}, "probe": {"time": 16.0, "distance": 98.42, "speed": 6.15125}}