{"car": {"flow": 0.16297999999999999, "density": 0.016666666666666666, "speed": 9.7788}, "probe": {"time": 15.0, "distance": 96.96000000000001, "speed": 6.464}}