{"car": {"flow": 0.2531, "density": 0.09389705882352942, "speed": 2.695505090054816}, "probe": {"time": 34.0, "distance": 100.97, "speed": 2.969705882352941}}