{"car": {"flow": 0.029562500000000002, "density": 0.00375, "speed": 7.883333333333334}, "probe": {"time": 8.0, "distance": 86.35, "speed": 10.79375}}