{"car": {"flow": 0.23721249999999997, "density": 0.07875, "speed": 3.012222222222222}, "probe": {"time": 16.0, "distance": 95.64999999999999, "speed": 5.9781249999999995}}