{"car": {"flow": 0.1938475, "density": 0.025416666666666667, "speed": 7.6267868852459015}, "probe": {"time": 30.0, "distance": 96.84, "speed": 3.228}}