{"car": {"flow": 0.09476666666666667, "density": 0.005333333333333333, "speed": 17.76875}, "probe": {"time": 15.0, "distance": 98.17, "speed": 6.544666666666667}}