{"car": {"flow": 0.2637625, "density": 0.0825, "speed": 3.197121212121212}, "probe": {"time": 16.0, "distance": 95.25999999999999, "speed": 5.953749999999999}}