{"car": {"flow": 0.209, "density": 0.03, "speed": 6.966666666666667}, "probe": {"time": 25.0, "distance": 91.37, "speed": 3.6548000000000003}}