{"car": {"flow": 0.3390285714285714, "density": 0.022857142857142857, "speed": 14.8325}, "probe": {"time": 28.0, "distance": 99.24000000000001, "speed": 3.5442857142857145}}