{"car": {"flow": 0.3986600000000002, "density": 0.032, "speed": 12.458125000000004}, "probe": {"time": 15.0, "distance": 94.32000000000001, "speed": 6.288}}