{"car": {"flow": 0.309625, "density": 0.07, "speed": 4.423214285714286}, "probe": {"time": 8.0, "distance": 85.41, "speed": 10.67625}}