{"car": {"flow": 0.20106953124999996, "density": 0.03109375, "speed": 6.466557788944723}, "probe": {"time": 32.0, "distance": 95.74000000000001, "speed": 2.9918750000000003}}