{"car": {"flow": 0.243175, "density": 0.049375, "speed": 4.9250632911392405}, "probe": {"time": 32.0, "distance": 97.11, "speed": 3.0346875}, "Num_visible_cells": 10, "Num_total_cells": 80}