{"car": {"flow": 0.7063058823529412, "density": 0.10764705882352942, "speed": 6.561311475409836}, "probe": {"time": 17.0, "distance": 98.38, "speed": 5.787058823529412}}