{"car": {"flow": 0.2533830357142857, "density": 0.04839285714285714, "speed": 5.235959409594097}, "probe": {"time": 28.0, "distance": 88.06, "speed": 3.145}}