{"car": {"flow": 0.34935200000000005, "density": 0.024, "speed": 14.556333333333335}, "probe": {"time": 25.0, "distance": 91.81, "speed": 3.6724}}