{"car": {"flow": 0.13981428571428575, "density": 0.1657142857142857, "speed": 0.8437068965517244}, "probe": {"time": 14.0, "distance": 92.92999999999999, "speed": 6.6378571428571425}}