{"car": {"flow": 0.27895333333333333, "density": 0.08133333333333333, "speed": 3.4297540983606556}, "probe": {"time": 15.0, "distance": 90.86, "speed": 6.057333333333333}}