{"car": {"flow": 0.254375, "density": 0.081875, "speed": 3.1068702290076335}, "probe": {"time": 16.0, "distance": 99.03, "speed": 6.189375}}