{"car": {"flow": 0.2798281249999999, "density": 0.0884375, "speed": 3.164134275618374}, "probe": {"time": 16.0, "distance": 97.41000000000001, "speed": 6.088125000000001}, "Num_visible_cells": 14, "Num_total_cells": 40}