{"car": {"flow": 0.3680270833333333, "density": 0.06770833333333333, "speed": 5.435476923076922}, "probe": {"time": 12.0, "distance": 104.03999999999999, "speed": 8.67}}