{"car": {"flow": 0.3351533333333333, "density": 0.062, "speed": 5.405698924731182}, "probe": {"time": 15.0, "distance": 95.36, "speed": 6.357333333333333}}