{"car": {"flow": 0.3045015625, "density": 0.08390625, "speed": 3.629068901303538}, "probe": {"time": 16.0, "distance": 98.61000000000001, "speed": 6.163125000000001}}