{"car": {"flow": 0.2883175, "density": 0.0335, "speed": 8.606492537313432}, "probe": {"time": 10.0, "distance": 98.38000000000001, "speed": 9.838000000000001}, "Num_visible_cells": 9, "Num_total_cells": 25}