{"car": {"flow": 0.7534064516129032, "density": 0.06903225806451613, "speed": 10.913831775700935}, "probe": {"time": 31.0, "distance": 90.16, "speed": 2.9083870967741934}}