{"car": {"flow": 0.209796875, "density": 0.03875, "speed": 5.414112903225806}, "probe": {"time": 32.0, "distance": 97.66, "speed": 3.051875}}