{"car": {"flow": 0.18883636363636366, "density": 0.02, "speed": 9.441818181818183}, "probe": {"time": 33.0, "distance": 96.09, "speed": 2.911818181818182}}