{"car": {"flow": 0.21913125, "density": 0.0396875, "speed": 5.521417322834646}, "probe": {"time": 32.0, "distance": 98.13, "speed": 3.0665625}}