{"car": {"flow": 0.23191428571428577, "density": 0.146, "speed": 1.5884540117416832}, "probe": {"time": 35.0, "distance": 91.34, "speed": 2.609714285714286}}