{"car": {"flow": 0.3956, "density": 0.05, "speed": 7.912000000000001}, "probe": {"time": 8.0, "distance": 91.75, "speed": 11.46875}}