{"car": {"flow": 0.24689000000000003, "density": 0.02675, "speed": 9.229532710280374}, "probe": {"time": 10.0, "distance": 96.11999999999999, "speed": 9.611999999999998}}