{"car": {"flow": 0.22150740740740743, "density": 0.03888888888888889, "speed": 5.695904761904762}, "probe": {"time": 27.0, "distance": 93.72999999999999, "speed": 3.471481481481481}}