{"car": {"flow": 0.18069333333333334, "density": 0.05733333333333333, "speed": 3.1516279069767443}, "probe": {"time": 15.0, "distance": 92.57, "speed": 6.171333333333333}}