{"car": {"flow": 0.258876, "density": 0.048, "speed": 5.393249999999999}, "probe": {"time": 25.0, "distance": 84.25999999999999, "speed": 3.3703999999999996}}