{"car": {"flow": 0.32539285714285715, "density": 0.08142857142857143, "speed": 3.9960526315789475}, "probe": {"time": 14.0, "distance": 105.02, "speed": 7.501428571428571}, "Num_visible_cells": 11, "Num_total_cells": 35}