{"car": {"flow": 0.2868825, "density": 0.031, "speed": 9.254274193548387}, "probe": {"time": 10.0, "distance": 97.72, "speed": 9.772}, "Num_visible_cells": 8, "Num_total_cells": 25}