{"car": {"flow": 0.260753125, "density": 0.07234375, "speed": 3.6043628509719214}, "probe": {"time": 16.0, "distance": 102.0, "speed": 6.375}}