{"car": {"flow": 0.8100823529411764, "density": 0.12294117647058823, "speed": 6.589186602870813}, "probe": {"time": 17.0, "distance": 96.2, "speed": 5.658823529411765}}