{"car": {"flow": 0.20429, "density": 0.034, "speed": 6.008529411764706}, "probe": {"time": 30.0, "distance": 87.63, "speed": 2.921}}