{"car": {"flow": 0.1486666666666667, "density": 0.016666666666666666, "speed": 8.920000000000002}, "probe": {"time": 24.0, "distance": 95.27000000000001, "speed": 3.969583333333334}}