{"car": {"flow": 0.28290772058823527, "density": 0.08705882352941176, "speed": 3.249615709459459}, "probe": {"time": 34.0, "distance": 103.54, "speed": 3.045294117647059}, "Num_visible_cells": 20, "Num_total_cells": 85}