{"car": {"flow": 0.32038000000000005, "density": 0.06466666666666666, "speed": 4.954329896907217}, "probe": {"time": 15.0, "distance": 93.55000000000001, "speed": 6.236666666666667}}