{"car": {"flow": 0.20762758620689656, "density": 0.03379310344827586, "speed": 6.144081632653061}, "probe": {"time": 29.0, "distance": 94.92999999999999, "speed": 3.273448275862069}}