{"car": {"flow": 0.23060833333333328, "density": 0.03883333333333333, "speed": 5.93841201716738}, "probe": {"time": 30.0, "distance": 99.07, "speed": 3.302333333333333}}