{"car": {"flow": 0.28177968750000004, "density": 0.086953125, "speed": 3.2405929919137466}, "probe": {"time": 32.0, "distance": 101.79, "speed": 3.1809375}}