{"car": {"flow": 0.40771625, "density": 0.046, "speed": 8.863396739130435}, "probe": {"time": 30.0, "distance": 100.81, "speed": 3.3603333333333336}, "Num_visible_cells": 25, "Num_total_cells": 75}