{"car": {"flow": 0.7440705882352942, "density": 0.11352941176470588, "speed": 6.5539896373057}, "probe": {"time": 17.0, "distance": 98.66, "speed": 5.803529411764706}}