{"car": {"flow": 0.2910430555555556, "density": 0.034861111111111114, "speed": 8.348645418326694}, "probe": {"time": 18.0, "distance": 108.85000000000001, "speed": 6.0472222222222225}}