{"car": {"flow": 0.15671785714285713, "density": 0.09785714285714285, "speed": 1.6014963503649635}, "probe": {"time": 28.0, "distance": 94.94, "speed": 3.3907142857142856}}