{"car": {"flow": 0.358345, "density": 0.06725, "speed": 5.328550185873606}, "probe": {"time": 10.0, "distance": 89.32, "speed": 8.931999999999999}, "Num_visible_cells": 9, "Num_total_cells": 25}