{"car": {"flow": 0.26606874999999997, "density": 0.0875, "speed": 3.040785714285714}, "probe": {"time": 16.0, "distance": 95.76, "speed": 5.985}}