{"car": {"flow": 0.24391333333333337, "density": 0.06266666666666666, "speed": 3.8922340425531923}, "probe": {"time": 15.0, "distance": 93.18, "speed": 6.212000000000001}}