{"car": {"flow": 0.25995624999999994, "density": 0.080625, "speed": 3.2242635658914724}, "probe": {"time": 16.0, "distance": 96.56, "speed": 6.035}}