{"car": {"flow": 0.730175, "density": 0.11625, "speed": 6.2810752688172045}, "probe": {"time": 16.0, "distance": 95.91000000000001, "speed": 5.994375000000001}}