{"car": {"flow": 0.31927031249999993, "density": 0.07421875, "speed": 4.301747368421052}, "probe": {"time": 16.0, "distance": 102.96, "speed": 6.435}}