{"car": {"flow": 0.29695156250000004, "density": 0.03984375, "speed": 7.452901960784315}, "probe": {"time": 16.0, "distance": 95.14, "speed": 5.94625}, "Num_visible_cells": 15, "Num_total_cells": 40}