{"car": {"flow": 0.1824652173913044, "density": 0.1265217391304348, "speed": 1.4421649484536085}, "probe": {"time": 23.0, "distance": 91.93, "speed": 3.9969565217391305}}