{"car": {"flow": 0.40690178571428576, "density": 0.048125, "speed": 8.455102040816326}, "probe": {"time": 28.0, "distance": 99.60000000000001, "speed": 3.5571428571428574}, "Num_visible_cells": 16, "Num_total_cells": 70}