{"car": {"flow": 0.3160015625, "density": 0.0740625, "speed": 4.26668776371308}, "probe": {"time": 16.0, "distance": 103.08000000000001, "speed": 6.442500000000001}, "Num_visible_cells": 14, "Num_total_cells": 40}