{"car": {"flow": 0.22502250000000004, "density": 0.02425, "speed": 9.279278350515465}, "probe": {"time": 10.0, "distance": 97.37, "speed": 9.737}}