{"car": {"flow": 0.31181875000000003, "density": 0.08203125, "speed": 3.801219047619048}, "probe": {"time": 16.0, "distance": 95.94999999999999, "speed": 5.996874999999999}}