{"car": {"flow": 0.021950000000000004, "density": 0.455, "speed": 0.04824175824175825}, "probe": {"time": 6.0, "distance": 90.58999999999999, "speed": 15.098333333333331}}