{"car": {"flow": 0.3759375, "density": 0.04265625, "speed": 8.813186813186814}, "probe": {"time": 16.0, "distance": 101.97999999999999, "speed": 6.373749999999999}, "Num_visible_cells": 14, "Num_total_cells": 40}