{"car": {"flow": 0.26661874999999996, "density": 0.074375, "speed": 3.584789915966386}, "probe": {"time": 16.0, "distance": 97.13000000000001, "speed": 6.070625000000001}}