{"car": {"flow": 0.11608333333333334, "density": 0.13333333333333333, "speed": 0.8706250000000001}, "probe": {"time": 6.0, "distance": 86.22, "speed": 14.37}}