{"car": {"flow": 0.27826249999999997, "density": 0.081875, "speed": 3.398625954198473}, "probe": {"time": 16.0, "distance": 96.26, "speed": 6.01625}}