{"car": {"flow": 0.58630625, "density": 0.090625, "speed": 6.469586206896552}, "probe": {"time": 16.0, "distance": 96.22, "speed": 6.01375}}