{"car": {"flow": 0.3175352941176471, "density": 0.1661764705882353, "speed": 1.9108318584070798}, "probe": {"time": 34.0, "distance": 59.39000000000001, "speed": 1.7467647058823532}}