{"car": {"flow": 0.2539814814814814, "density": 0.05, "speed": 5.079629629629629}, "probe": {"time": 27.0, "distance": 93.32000000000001, "speed": 3.4562962962962964}}