{"car": {"flow": 0.35589499999999996, "density": 0.0575, "speed": 6.189478260869565}, "probe": {"time": 10.0, "distance": 88.39, "speed": 8.839}, "Num_visible_cells": 9, "Num_total_cells": 25}