{"car": {"flow": 0.18392142857142857, "density": 0.017857142857142856, "speed": 10.2996}, "probe": {"time": 28.0, "distance": 92.89, "speed": 3.3175}}