{"car": {"flow": 0.22086691176470588, "density": 0.03852941176470588, "speed": 5.7324236641221376}, "probe": {"time": 34.0, "distance": 96.32, "speed": 2.832941176470588}}