{"car": {"flow": 0.3694225, "density": 0.042, "speed": 8.79577380952381}, "probe": {"time": 10.0, "distance": 97.23, "speed": 9.723}}