{"car": {"flow": 0.42366249999999994, "density": 0.04875, "speed": 8.690512820512819}, "probe": {"time": 32.0, "distance": 88.25, "speed": 2.7578125}, "Num_visible_cells": 19, "Num_total_cells": 80}