{"car": {"flow": 0.5981166666666667, "density": 0.10111111111111111, "speed": 5.9154395604395615}, "probe": {"time": 18.0, "distance": 91.11, "speed": 5.0616666666666665}}