{"car": {"flow": 0.4100142857142857, "density": 0.024285714285714285, "speed": 16.882941176470588}, "probe": {"time": 7.0, "distance": 90.89, "speed": 12.984285714285715}}