{"car": {"flow": 0.37025714285714284, "density": 0.06, "speed": 6.170952380952381}, "probe": {"time": 7.0, "distance": 85.13000000000001, "speed": 12.161428571428573}}