{"car": {"flow": 0.3980142857142857, "density": 0.024285714285714285, "speed": 16.388823529411766}, "probe": {"time": 7.0, "distance": 80.58, "speed": 11.51142857142857}}