{"car": {"flow": 0.06018, "density": 0.429, "speed": 0.14027972027972027}, "probe": {"time": 10.0, "distance": 96.50999999999999, "speed": 9.651}}