{"car": {"flow": 0.17807307692307692, "density": 0.018846153846153846, "speed": 9.448775510204081}, "probe": {"time": 26.0, "distance": 86.81, "speed": 3.338846153846154}}