{"car": {"flow": 0.3320484375, "density": 0.055625, "speed": 5.969410112359551}, "probe": {"time": 16.0, "distance": 101.35, "speed": 6.334375}}