{"car": {"flow": 0.7986571428571427, "density": 0.07142857142857142, "speed": 11.181199999999999}, "probe": {"time": 21.0, "distance": 87.82, "speed": 4.181904761904762}}