{"car": {"flow": 0.332075, "density": 0.0375, "speed": 8.855333333333334}, "probe": {"time": 16.0, "distance": 94.3, "speed": 5.89375}}