{"car": {"flow": 0.18768625000000003, "density": 0.021, "speed": 8.937440476190478}, "probe": {"time": 10.0, "distance": 92.77, "speed": 9.277}, "Num_visible_cells": 7, "Num_total_cells": 25}