{"car": {"flow": 0.7109736842105264, "density": 0.17526315789473684, "speed": 4.056606606606607}, "probe": {"time": 19.0, "distance": 98.77, "speed": 5.198421052631579}}