{"car": {"flow": 0.8574722222222223, "density": 0.1322222222222222, "speed": 6.485084033613446}, "probe": {"time": 18.0, "distance": 98.67, "speed": 5.4816666666666665}}