{"car": {"flow": 0.1546390625, "density": 0.0175, "speed": 8.836517857142857}, "probe": {"time": 16.0, "distance": 102.92, "speed": 6.4325}}