{"car": {"flow": 0.29342749999999995, "density": 0.084, "speed": 3.493184523809523}, "probe": {"time": 10.0, "distance": 95.03, "speed": 9.503}}