{"car": {"flow": 0.3271611111111112, "density": 0.08263888888888889, "speed": 3.9589243697479}, "probe": {"time": 18.0, "distance": 106.5, "speed": 5.916666666666667}}