{"car": {"flow": 0.3910347826086956, "density": 0.029565217391304348, "speed": 13.226176470588234}, "probe": {"time": 23.0, "distance": 92.41, "speed": 4.017826086956521}}