{"car": {"flow": 0.41201640624999997, "density": 0.0475, "speed": 8.674029605263158}, "probe": {"time": 32.0, "distance": 96.27, "speed": 3.0084375}}