{"car": {"flow": 0.3970140625, "density": 0.05921875, "speed": 6.70419525065963}, "probe": {"time": 16.0, "distance": 100.79, "speed": 6.299375}, "Num_visible_cells": 14, "Num_total_cells": 40}