{"car": {"flow": 0.2627558333333333, "density": 0.09791666666666667, "speed": 2.6834638297872337}, "probe": {"time": 30.0, "distance": 97.58, "speed": 3.252666666666667}}