{"car": {"flow": 0.20205000000000004, "density": 0.0245, "speed": 8.246938775510205}, "probe": {"time": 30.0, "distance": 96.10000000000001, "speed": 3.2033333333333336}, "Num_visible_cells": 9, "Num_total_cells": 75}