{"car": {"flow": 0.30329531249999997, "density": 0.08609375, "speed": 3.5228493647912886}, "probe": {"time": 16.0, "distance": 97.03999999999999, "speed": 6.0649999999999995}, "Num_visible_cells": 15, "Num_total_cells": 40}