{"car": {"flow": 0.21695833333333334, "density": 0.03625, "speed": 5.985057471264367}, "probe": {"time": 30.0, "distance": 101.28, "speed": 3.376}}