{"car": {"flow": 0.36243333333333333, "density": 0.028, "speed": 12.944047619047618}, "probe": {"time": 15.0, "distance": 93.55000000000001, "speed": 6.236666666666667}}