{"car": {"flow": 0.4406225, "density": 0.05125, "speed": 8.59751219512195}, "probe": {"time": 10.0, "distance": 96.43, "speed": 9.643}}