{"car": {"flow": 0.28415833333333335, "density": 0.0725, "speed": 3.919425287356322}, "probe": {"time": 12.0, "distance": 89.99000000000001, "speed": 7.499166666666667}}