{"car": {"flow": 0.20900416666666666, "density": 0.0265, "speed": 7.88694968553459}, "probe": {"time": 30.0, "distance": 96.21, "speed": 3.207}, "Num_visible_cells": 16, "Num_total_cells": 75}