{"car": {"flow": 0.29166640625, "density": 0.084375, "speed": 3.4567870370370373}, "probe": {"time": 16.0, "distance": 93.31, "speed": 5.831875}, "Num_visible_cells": 15, "Num_total_cells": 40}