{"car": {"flow": 0.30904218749999995, "density": 0.0846875, "speed": 3.64920664206642}, "probe": {"time": 16.0, "distance": 94.58, "speed": 5.91125}, "Num_visible_cells": 15, "Num_total_cells": 40}