{"car": {"flow": 0.2672333333333333, "density": 0.08533333333333333, "speed": 3.131640625}, "probe": {"time": 15.0, "distance": 98.57, "speed": 6.571333333333333}}