{"car": {"flow": 0.27989, "density": 0.08675, "speed": 3.226397694524496}, "probe": {"time": 10.0, "distance": 95.53, "speed": 9.553}, "Num_visible_cells": 9, "Num_total_cells": 25}