{"car": {"flow": 0.7371000000000001, "density": 0.06625, "speed": 11.126037735849058}, "probe": {"time": 24.0, "distance": 95.55000000000001, "speed": 3.9812500000000006}}