{"car": {"flow": 0.24783359375, "density": 0.046484375, "speed": 5.331546218487395}, "probe": {"time": 32.0, "distance": 97.05, "speed": 3.0328125}, "Num_visible_cells": 10, "Num_total_cells": 80}