{"car": {"flow": 0.28579453125, "density": 0.090234375, "speed": 3.167246753246753}, "probe": {"time": 32.0, "distance": 99.58999999999999, "speed": 3.1121874999999997}, "Num_visible_cells": 10, "Num_total_cells": 80}