{"car": {"flow": 0.28921406250000004, "density": 0.08921875, "speed": 3.241628721541156}, "probe": {"time": 16.0, "distance": 92.52, "speed": 5.7825}, "Num_visible_cells": 15, "Num_total_cells": 40}