{"car": {"flow": 0.3352375, "density": 0.02, "speed": 16.761875}, "probe": {"time": 8.0, "distance": 88.71, "speed": 11.08875}}