{"car": {"flow": 0.41940000000000005, "density": 0.0275, "speed": 15.250909090909092}, "probe": {"time": 8.0, "distance": 85.22, "speed": 10.6525}}