{"car": {"flow": 0.25695, "density": 0.08125, "speed": 3.162461538461539}, "probe": {"time": 16.0, "distance": 94.27000000000001, "speed": 5.891875000000001}}