{"car": {"flow": 0.16699999999999998, "density": 0.015, "speed": 11.133333333333333}, "probe": {"time": 24.0, "distance": 95.47999999999999, "speed": 3.978333333333333}}