{"car": {"flow": 0.33577678571428565, "density": 0.07875, "speed": 4.263832199546485}, "probe": {"time": 14.0, "distance": 103.44, "speed": 7.388571428571429}}