{"car": {"flow": 0.2811444444444444, "density": 0.08222222222222222, "speed": 3.419324324324324}, "probe": {"time": 9.0, "distance": 91.78, "speed": 10.197777777777778}}