{"car": {"flow": 0.2858866666666667, "density": 0.07933333333333334, "speed": 3.603613445378151}, "probe": {"time": 15.0, "distance": 95.05, "speed": 6.336666666666667}}