{"car": {"flow": 0.4706035714285715, "density": 0.3578571428571429, "speed": 1.3150598802395213}, "probe": {"time": 28.0, "distance": 91.97999999999999, "speed": 3.2849999999999997}}