{"car": {"flow": 0.14193750000000002, "density": 0.1209375, "speed": 1.1736434108527134}, "probe": {"time": 32.0, "distance": 91.88, "speed": 2.87125}, "Num_visible_cells": 38, "Num_total_cells": 80}