{"car": {"flow": 0.2775625, "density": 0.08, "speed": 3.46953125}, "probe": {"time": 8.0, "distance": 85.82000000000001, "speed": 10.727500000000001}}