{"car": {"flow": 0.26431696428571433, "density": 0.052321428571428574, "speed": 5.051791808873721}, "probe": {"time": 28.0, "distance": 91.96000000000001, "speed": 3.2842857142857147}, "Num_visible_cells": 26, "Num_total_cells": 70}