{"car": {"flow": 0.22514615384615388, "density": 0.20461538461538462, "speed": 1.1003383458646618}, "probe": {"time": 13.0, "distance": 86.01, "speed": 6.616153846153846}}