{"car": {"flow": 0.37193999999999994, "density": 0.062, "speed": 5.999032258064515}, "probe": {"time": 10.0, "distance": 97.13999999999999, "speed": 9.713999999999999}, "Num_visible_cells": 9, "Num_total_cells": 25}