{"car": {"flow": 0.26612, "density": 0.07, "speed": 3.8017142857142856}, "probe": {"time": 15.0, "distance": 91.25, "speed": 6.083333333333333}}