{"car": {"flow": 0.83484375, "density": 0.11625, "speed": 7.181451612903226}, "probe": {"time": 16.0, "distance": 98.4, "speed": 6.15}}