{"car": {"flow": 0.030350000000000026, "density": 0.29, "speed": 0.10465517241379318}, "probe": {"time": 6.0, "distance": 86.61, "speed": 14.435}}