{"car": {"flow": 0.17855, "density": 0.016923076923076923, "speed": 10.550681818181816}, "probe": {"time": 26.0, "distance": 95.55, "speed": 3.675}}