{"car": {"flow": 0.12010499999999999, "density": 0.013, "speed": 9.238846153846152}, "probe": {"time": 10.0, "distance": 98.12, "speed": 9.812000000000001}}