{"car": {"flow": 0.13509285714285718, "density": 0.2057142857142857, "speed": 0.6567013888888891}, "probe": {"time": 14.0, "distance": 85.82000000000001, "speed": 6.130000000000001}}