{"car": {"flow": 0.45565625, "density": 0.069375, "speed": 6.568018018018018}, "probe": {"time": 16.0, "distance": 97.23, "speed": 6.076875}}