{"car": {"flow": 0.36234444444444447, "density": 0.057777777777777775, "speed": 6.271346153846154}, "probe": {"time": 9.0, "distance": 88.53, "speed": 9.836666666666666}}