{"car": {"flow": 0.4419235294117647, "density": 0.07176470588235294, "speed": 6.157950819672131}, "probe": {"time": 17.0, "distance": 97.87, "speed": 5.7570588235294125}}