{"car": {"flow": 0.5227266666666666, "density": 0.10466666666666667, "speed": 4.9942038216560505}, "probe": {"time": 15.0, "distance": 90.00999999999999, "speed": 6.000666666666666}}