{"car": {"flow": 0.01671249999999999, "density": 0.46625, "speed": 0.035844504021447704}, "probe": {"time": 8.0, "distance": 89.9, "speed": 11.2375}}