{"car": {"flow": 0.2540571428571429, "density": 0.07285714285714286, "speed": 3.4870588235294124}, "probe": {"time": 14.0, "distance": 88.74000000000001, "speed": 6.338571428571429}}