{"car": {"flow": 0.18438088235294117, "density": 0.10573529411764705, "speed": 1.7437969401947149}, "probe": {"time": 34.0, "distance": 102.29, "speed": 3.008529411764706}}