{"car": {"flow": 0.45554125, "density": 0.05308333333333334, "speed": 8.58162480376766}, "probe": {"time": 30.0, "distance": 89.42, "speed": 2.9806666666666666}, "Num_visible_cells": 28, "Num_total_cells": 75}