{"car": {"flow": 0.20373000000000002, "density": 0.024666666666666667, "speed": 8.259324324324325}, "probe": {"time": 30.0, "distance": 99.37, "speed": 3.3123333333333336}}