{"car": {"flow": 0.5124166666666666, "density": 0.03166666666666667, "speed": 16.181578947368422}, "probe": {"time": 6.0, "distance": 87.23, "speed": 14.538333333333334}}